{"cameraMode":{"drawMode":0,"name":"Shaded","section":"Shading Mode"},"sceneLighting":false,"audioPlay":false,"sceneViewState":{"showFog":true,"showMaterialUpdate":false,"showSkybox":true,"showFlares":true,"showImageEffects":true,"showParticleSystems":true},"in2DMode":false,"pivot":{"x":0.3809095323085785,"y":-0.4341560900211334,"z":-6.289900779724121},"rotation":{"x":-0.16962552070617677,"y":0.6929842829704285,"z":-0.17312230169773103,"w":-0.6789909601211548},"size":13.516764640808106,"orthographic":false}